Detector Type,DescriptorType,Frame,Total Keypoints,Keypoints in ROI,Keypoints in ROI matched,Time for detection [ms],Time for description [ms],Combined Time [ms],
SHITOMASI,BRISK,0,1370,125,0,18.6528,1.59482,20.2476,
SHITOMASI,BRISK,1,1301,118,95,17.4365,2.32757,19.7641,
SHITOMASI,BRISK,2,1361,123,88,16.5643,2.43326,18.9976,
SHITOMASI,BRISK,3,1358,120,80,16.696,2.29717,18.9932,
SHITOMASI,BRISK,4,1333,120,90,16.8519,2.30064,19.1526,
SHITOMASI,BRISK,5,1284,113,82,17.2608,2.13111,19.3919,
SHITOMASI,BRISK,6,1322,114,79,15.4984,2.16782,17.6662,
SHITOMASI,BRISK,7,1366,123,85,16.1519,2.46934,18.6212,
SHITOMASI,BRISK,8,1389,111,86,16.6051,2.13238,18.7375,
SHITOMASI,BRISK,9,1339,112,82,16.1183,2.41282,18.5311,
SHITOMASI,BRIEF,N/A,N/A,N/A,N/A,N/A,N/A,N/A,
SHITOMASI,BRIEF,N/A,N/A,N/A,N/A,N/A,N/A,N/A,
SHITOMASI,BRIEF,N/A,N/A,N/A,N/A,N/A,N/A,N/A,
SHITOMASI,BRIEF,N/A,N/A,N/A,N/A,N/A,N/A,N/A,
SHITOMASI,BRIEF,N/A,N/A,N/A,N/A,N/A,N/A,N/A,
SHITOMASI,BRIEF,N/A,N/A,N/A,N/A,N/A,N/A,N/A,
SHITOMASI,BRIEF,N/A,N/A,N/A,N/A,N/A,N/A,N/A,
SHITOMASI,BRIEF,N/A,N/A,N/A,N/A,N/A,N/A,N/A,
SHITOMASI,BRIEF,N/A,N/A,N/A,N/A,N/A,N/A,N/A,
SHITOMASI,BRIEF,N/A,N/A,N/A,N/A,N/A,N/A,N/A,
SHITOMASI,ORB,N/A,N/A,N/A,N/A,N/A,N/A,N/A,
SHITOMASI,ORB,N/A,N/A,N/A,N/A,N/A,N/A,N/A,
SHITOMASI,ORB,N/A,N/A,N/A,N/A,N/A,N/A,N/A,
SHITOMASI,ORB,N/A,N/A,N/A,N/A,N/A,N/A,N/A,
SHITOMASI,ORB,N/A,N/A,N/A,N/A,N/A,N/A,N/A,
SHITOMASI,ORB,N/A,N/A,N/A,N/A,N/A,N/A,N/A,
SHITOMASI,ORB,N/A,N/A,N/A,N/A,N/A,N/A,N/A,
SHITOMASI,ORB,N/A,N/A,N/A,N/A,N/A,N/A,N/A,
SHITOMASI,ORB,N/A,N/A,N/A,N/A,N/A,N/A,N/A,
SHITOMASI,ORB,N/A,N/A,N/A,N/A,N/A,N/A,N/A,
SHITOMASI,FREAK,0,1370,125,0,16.5055,42.0692,58.5747,
SHITOMASI,FREAK,1,1301,118,86,14.5695,39.2629,53.8324,
SHITOMASI,FREAK,2,1361,123,90,11.1877,39.3856,50.5733,
SHITOMASI,FREAK,3,1358,120,86,11.5687,39.5274,51.0961,
SHITOMASI,FREAK,4,1333,120,88,11.4702,39.4956,50.9658,
SHITOMASI,FREAK,5,1284,113,86,11.1464,39.0109,50.1573,
SHITOMASI,FREAK,6,1322,114,80,11.1871,39.3193,50.5063,
SHITOMASI,FREAK,7,1366,123,81,11.0659,40.3079,51.3738,
SHITOMASI,FREAK,8,1389,111,86,11.1029,40.0121,51.115,
SHITOMASI,FREAK,9,1339,112,85,11.818,39.8245,51.6425,
SHITOMASI,AKAZE,N/A,N/A,N/A,N/A,N/A,N/A,N/A,
SHITOMASI,AKAZE,N/A,N/A,N/A,N/A,N/A,N/A,N/A,
SHITOMASI,AKAZE,N/A,N/A,N/A,N/A,N/A,N/A,N/A,
SHITOMASI,AKAZE,N/A,N/A,N/A,N/A,N/A,N/A,N/A,
SHITOMASI,AKAZE,N/A,N/A,N/A,N/A,N/A,N/A,N/A,
SHITOMASI,AKAZE,N/A,N/A,N/A,N/A,N/A,N/A,N/A,
SHITOMASI,AKAZE,N/A,N/A,N/A,N/A,N/A,N/A,N/A,
SHITOMASI,AKAZE,N/A,N/A,N/A,N/A,N/A,N/A,N/A,
SHITOMASI,AKAZE,N/A,N/A,N/A,N/A,N/A,N/A,N/A,
SHITOMASI,AKAZE,N/A,N/A,N/A,N/A,N/A,N/A,N/A,
SHITOMASI,SIFT,N/A,N/A,N/A,N/A,N/A,N/A,N/A,
SHITOMASI,SIFT,N/A,N/A,N/A,N/A,N/A,N/A,N/A,
SHITOMASI,SIFT,N/A,N/A,N/A,N/A,N/A,N/A,N/A,
SHITOMASI,SIFT,N/A,N/A,N/A,N/A,N/A,N/A,N/A,
SHITOMASI,SIFT,N/A,N/A,N/A,N/A,N/A,N/A,N/A,
SHITOMASI,SIFT,N/A,N/A,N/A,N/A,N/A,N/A,N/A,
SHITOMASI,SIFT,N/A,N/A,N/A,N/A,N/A,N/A,N/A,
SHITOMASI,SIFT,N/A,N/A,N/A,N/A,N/A,N/A,N/A,
SHITOMASI,SIFT,N/A,N/A,N/A,N/A,N/A,N/A,N/A,
SHITOMASI,SIFT,N/A,N/A,N/A,N/A,N/A,N/A,N/A,
HARRIS,BRISK,0,115,17,0,11.8395,0.549203,12.3887,
HARRIS,BRISK,1,98,14,12,12.0982,0.463202,12.5614,
HARRIS,BRISK,2,113,18,10,12.3898,0.578609,12.9685,
HARRIS,BRISK,3,121,21,14,12.0027,0.570535,12.5733,
HARRIS,BRISK,4,160,26,15,13.0452,0.562487,13.6077,
HARRIS,BRISK,5,383,43,16,27.2985,0.725169,28.0236,
HARRIS,BRISK,6,85,18,16,11.5774,0.592566,12.17,
HARRIS,BRISK,7,210,31,15,14.0164,0.652714,14.6691,
HARRIS,BRISK,8,171,26,23,12.8366,0.576048,13.4126,
HARRIS,BRISK,9,281,34,21,17.7048,0.869008,18.5738,
HARRIS,BRIEF,N/A,N/A,N/A,N/A,N/A,N/A,N/A,
HARRIS,BRIEF,N/A,N/A,N/A,N/A,N/A,N/A,N/A,
HARRIS,BRIEF,N/A,N/A,N/A,N/A,N/A,N/A,N/A,
HARRIS,BRIEF,N/A,N/A,N/A,N/A,N/A,N/A,N/A,
HARRIS,BRIEF,N/A,N/A,N/A,N/A,N/A,N/A,N/A,
HARRIS,BRIEF,N/A,N/A,N/A,N/A,N/A,N/A,N/A,
HARRIS,BRIEF,N/A,N/A,N/A,N/A,N/A,N/A,N/A,
HARRIS,BRIEF,N/A,N/A,N/A,N/A,N/A,N/A,N/A,
HARRIS,BRIEF,N/A,N/A,N/A,N/A,N/A,N/A,N/A,
HARRIS,BRIEF,N/A,N/A,N/A,N/A,N/A,N/A,N/A,
HARRIS,ORB,N/A,N/A,N/A,N/A,N/A,N/A,N/A,
HARRIS,ORB,N/A,N/A,N/A,N/A,N/A,N/A,N/A,
HARRIS,ORB,N/A,N/A,N/A,N/A,N/A,N/A,N/A,
HARRIS,ORB,N/A,N/A,N/A,N/A,N/A,N/A,N/A,
HARRIS,ORB,N/A,N/A,N/A,N/A,N/A,N/A,N/A,
HARRIS,ORB,N/A,N/A,N/A,N/A,N/A,N/A,N/A,
HARRIS,ORB,N/A,N/A,N/A,N/A,N/A,N/A,N/A,
HARRIS,ORB,N/A,N/A,N/A,N/A,N/A,N/A,N/A,
HARRIS,ORB,N/A,N/A,N/A,N/A,N/A,N/A,N/A,
HARRIS,ORB,N/A,N/A,N/A,N/A,N/A,N/A,N/A,
HARRIS,FREAK,0,115,17,0,12.54,40.233,52.773,
HARRIS,FREAK,1,98,14,13,11.6801,37.7966,49.4767,
HARRIS,FREAK,2,113,18,13,12.1948,37.9599,50.1547,
HARRIS,FREAK,3,121,21,15,12.1305,39.0217,51.1522,
HARRIS,FREAK,4,160,26,15,12.2822,37.7693,50.0514,
HARRIS,FREAK,5,383,43,17,26.0419,38.936,64.9779,
HARRIS,FREAK,6,85,18,20,11.2203,38.7269,49.9472,
HARRIS,FREAK,7,210,31,12,13.5118,39.2197,52.7315,
HARRIS,FREAK,8,171,26,21,12.8045,38.8784,51.6829,
HARRIS,FREAK,9,281,34,18,17.3155,38.2882,55.6037,
HARRIS,AKAZE,N/A,N/A,N/A,N/A,N/A,N/A,N/A,
HARRIS,AKAZE,N/A,N/A,N/A,N/A,N/A,N/A,N/A,
HARRIS,AKAZE,N/A,N/A,N/A,N/A,N/A,N/A,N/A,
HARRIS,AKAZE,N/A,N/A,N/A,N/A,N/A,N/A,N/A,
HARRIS,AKAZE,N/A,N/A,N/A,N/A,N/A,N/A,N/A,
HARRIS,AKAZE,N/A,N/A,N/A,N/A,N/A,N/A,N/A,
HARRIS,AKAZE,N/A,N/A,N/A,N/A,N/A,N/A,N/A,
HARRIS,AKAZE,N/A,N/A,N/A,N/A,N/A,N/A,N/A,
HARRIS,AKAZE,N/A,N/A,N/A,N/A,N/A,N/A,N/A,
HARRIS,AKAZE,N/A,N/A,N/A,N/A,N/A,N/A,N/A,
HARRIS,SIFT,N/A,N/A,N/A,N/A,N/A,N/A,N/A,
HARRIS,SIFT,N/A,N/A,N/A,N/A,N/A,N/A,N/A,
HARRIS,SIFT,N/A,N/A,N/A,N/A,N/A,N/A,N/A,
HARRIS,SIFT,N/A,N/A,N/A,N/A,N/A,N/A,N/A,
HARRIS,SIFT,N/A,N/A,N/A,N/A,N/A,N/A,N/A,
HARRIS,SIFT,N/A,N/A,N/A,N/A,N/A,N/A,N/A,
HARRIS,SIFT,N/A,N/A,N/A,N/A,N/A,N/A,N/A,
HARRIS,SIFT,N/A,N/A,N/A,N/A,N/A,N/A,N/A,
HARRIS,SIFT,N/A,N/A,N/A,N/A,N/A,N/A,N/A,
HARRIS,SIFT,N/A,N/A,N/A,N/A,N/A,N/A,N/A,
FAST,BRISK,0,1824,149,0,1.07762,1.76396,2.84158,
FAST,BRISK,1,1832,152,97,0.906953,1.95371,2.86066,
FAST,BRISK,2,1810,150,104,0.959574,1.93704,2.89662,
FAST,BRISK,3,1817,155,101,0.85786,1.80573,2.66359,
FAST,BRISK,4,1793,149,98,0.881453,1.74273,2.62418,
FAST,BRISK,5,1796,149,85,0.885934,1.78137,2.6673,
FAST,BRISK,6,1788,156,107,0.891202,1.93195,2.82315,
FAST,BRISK,7,1695,150,107,0.877815,1.84815,2.72597,
FAST,BRISK,8,1749,138,100,0.888511,1.7876,2.67611,
FAST,BRISK,9,1770,143,100,0.941464,1.71562,2.65709,
FAST,BRIEF,N/A,N/A,N/A,N/A,N/A,N/A,N/A,
FAST,BRIEF,N/A,N/A,N/A,N/A,N/A,N/A,N/A,
FAST,BRIEF,N/A,N/A,N/A,N/A,N/A,N/A,N/A,
FAST,BRIEF,N/A,N/A,N/A,N/A,N/A,N/A,N/A,
FAST,BRIEF,N/A,N/A,N/A,N/A,N/A,N/A,N/A,
FAST,BRIEF,N/A,N/A,N/A,N/A,N/A,N/A,N/A,
FAST,BRIEF,N/A,N/A,N/A,N/A,N/A,N/A,N/A,
FAST,BRIEF,N/A,N/A,N/A,N/A,N/A,N/A,N/A,
FAST,BRIEF,N/A,N/A,N/A,N/A,N/A,N/A,N/A,
FAST,BRIEF,N/A,N/A,N/A,N/A,N/A,N/A,N/A,
FAST,ORB,N/A,N/A,N/A,N/A,N/A,N/A,N/A,
FAST,ORB,N/A,N/A,N/A,N/A,N/A,N/A,N/A,
FAST,ORB,N/A,N/A,N/A,N/A,N/A,N/A,N/A,
FAST,ORB,N/A,N/A,N/A,N/A,N/A,N/A,N/A,
FAST,ORB,N/A,N/A,N/A,N/A,N/A,N/A,N/A,
FAST,ORB,N/A,N/A,N/A,N/A,N/A,N/A,N/A,
FAST,ORB,N/A,N/A,N/A,N/A,N/A,N/A,N/A,
FAST,ORB,N/A,N/A,N/A,N/A,N/A,N/A,N/A,
FAST,ORB,N/A,N/A,N/A,N/A,N/A,N/A,N/A,
FAST,ORB,N/A,N/A,N/A,N/A,N/A,N/A,N/A,
FAST,FREAK,0,1824,149,0,0.909658,41.4525,42.3622,
FAST,FREAK,1,1832,152,98,0.904313,39.3291,40.2334,
FAST,FREAK,2,1810,150,99,0.963616,39.8286,40.7923,
FAST,FREAK,3,1817,155,91,0.898271,39.1473,40.0455,
FAST,FREAK,4,1793,149,98,0.908296,39.8457,40.754,
FAST,FREAK,5,1796,149,85,0.901397,39.7993,40.7007,
FAST,FREAK,6,1788,156,99,0.893561,40.1733,41.0668,
FAST,FREAK,7,1695,150,102,0.900699,40.7321,41.6328,
FAST,FREAK,8,1749,138,101,0.925751,40.3416,41.2674,
FAST,FREAK,9,1770,143,105,0.928521,40.8117,41.7403,
FAST,AKAZE,N/A,N/A,N/A,N/A,N/A,N/A,N/A,
FAST,AKAZE,N/A,N/A,N/A,N/A,N/A,N/A,N/A,
FAST,AKAZE,N/A,N/A,N/A,N/A,N/A,N/A,N/A,
FAST,AKAZE,N/A,N/A,N/A,N/A,N/A,N/A,N/A,
FAST,AKAZE,N/A,N/A,N/A,N/A,N/A,N/A,N/A,
FAST,AKAZE,N/A,N/A,N/A,N/A,N/A,N/A,N/A,
FAST,AKAZE,N/A,N/A,N/A,N/A,N/A,N/A,N/A,
FAST,AKAZE,N/A,N/A,N/A,N/A,N/A,N/A,N/A,
FAST,AKAZE,N/A,N/A,N/A,N/A,N/A,N/A,N/A,
FAST,AKAZE,N/A,N/A,N/A,N/A,N/A,N/A,N/A,
FAST,SIFT,N/A,N/A,N/A,N/A,N/A,N/A,N/A,
FAST,SIFT,N/A,N/A,N/A,N/A,N/A,N/A,N/A,
FAST,SIFT,N/A,N/A,N/A,N/A,N/A,N/A,N/A,
FAST,SIFT,N/A,N/A,N/A,N/A,N/A,N/A,N/A,
FAST,SIFT,N/A,N/A,N/A,N/A,N/A,N/A,N/A,
FAST,SIFT,N/A,N/A,N/A,N/A,N/A,N/A,N/A,
FAST,SIFT,N/A,N/A,N/A,N/A,N/A,N/A,N/A,
FAST,SIFT,N/A,N/A,N/A,N/A,N/A,N/A,N/A,
FAST,SIFT,N/A,N/A,N/A,N/A,N/A,N/A,N/A,
FAST,SIFT,N/A,N/A,N/A,N/A,N/A,N/A,N/A,
BRISK,BRISK,0,2757,264,0,41.7393,2.95794,44.6973,
BRISK,BRISK,1,2777,282,171,40.8869,3.31316,44.2,
BRISK,BRISK,2,2741,282,176,41.1026,3.5543,44.6569,
BRISK,BRISK,3,2735,277,157,42.318,3.24825,45.5663,
BRISK,BRISK,4,2757,297,176,40.2357,3.59304,43.8287,
BRISK,BRISK,5,2695,279,174,41.342,3.1808,44.5228,
BRISK,BRISK,6,2715,289,188,40.5743,3.66842,44.2428,
BRISK,BRISK,7,2628,272,173,39.9949,3.14114,43.136,
BRISK,BRISK,8,2639,266,171,39.5393,3.05496,42.5942,
BRISK,BRISK,9,2672,254,184,40.9024,3.15991,44.0623,
BRISK,BRIEF,N/A,N/A,N/A,N/A,N/A,N/A,N/A,
BRISK,BRIEF,N/A,N/A,N/A,N/A,N/A,N/A,N/A,
BRISK,BRIEF,N/A,N/A,N/A,N/A,N/A,N/A,N/A,
BRISK,BRIEF,N/A,N/A,N/A,N/A,N/A,N/A,N/A,
BRISK,BRIEF,N/A,N/A,N/A,N/A,N/A,N/A,N/A,
BRISK,BRIEF,N/A,N/A,N/A,N/A,N/A,N/A,N/A,
BRISK,BRIEF,N/A,N/A,N/A,N/A,N/A,N/A,N/A,
BRISK,BRIEF,N/A,N/A,N/A,N/A,N/A,N/A,N/A,
BRISK,BRIEF,N/A,N/A,N/A,N/A,N/A,N/A,N/A,
BRISK,BRIEF,N/A,N/A,N/A,N/A,N/A,N/A,N/A,
BRISK,ORB,N/A,N/A,N/A,N/A,N/A,N/A,N/A,
BRISK,ORB,N/A,N/A,N/A,N/A,N/A,N/A,N/A,
BRISK,ORB,N/A,N/A,N/A,N/A,N/A,N/A,N/A,
BRISK,ORB,N/A,N/A,N/A,N/A,N/A,N/A,N/A,
BRISK,ORB,N/A,N/A,N/A,N/A,N/A,N/A,N/A,
BRISK,ORB,N/A,N/A,N/A,N/A,N/A,N/A,N/A,
BRISK,ORB,N/A,N/A,N/A,N/A,N/A,N/A,N/A,
BRISK,ORB,N/A,N/A,N/A,N/A,N/A,N/A,N/A,
BRISK,ORB,N/A,N/A,N/A,N/A,N/A,N/A,N/A,
BRISK,ORB,N/A,N/A,N/A,N/A,N/A,N/A,N/A,
BRISK,FREAK,0,2757,264,0,41.9481,40.9229,82.8709,
BRISK,FREAK,1,2777,282,160,41.6861,43.0683,84.7544,
BRISK,FREAK,2,2741,282,177,41.8167,42.1026,83.9193,
BRISK,FREAK,3,2735,277,155,40.4646,42.9439,83.4084,
BRISK,FREAK,4,2757,297,173,40.8635,42.8272,83.6906,
BRISK,FREAK,5,2695,279,161,41.1159,41.0416,82.1574,
BRISK,FREAK,6,2715,289,183,41.129,40.2136,81.3426,
BRISK,FREAK,7,2628,272,169,39.7526,40.9717,80.7243,
BRISK,FREAK,8,2639,266,178,42.5858,40.9275,83.5132,
BRISK,FREAK,9,2672,254,168,40.4075,41.7771,82.1845,
BRISK,AKAZE,N/A,N/A,N/A,N/A,N/A,N/A,N/A,
BRISK,AKAZE,N/A,N/A,N/A,N/A,N/A,N/A,N/A,
BRISK,AKAZE,N/A,N/A,N/A,N/A,N/A,N/A,N/A,
BRISK,AKAZE,N/A,N/A,N/A,N/A,N/A,N/A,N/A,
BRISK,AKAZE,N/A,N/A,N/A,N/A,N/A,N/A,N/A,
BRISK,AKAZE,N/A,N/A,N/A,N/A,N/A,N/A,N/A,
BRISK,AKAZE,N/A,N/A,N/A,N/A,N/A,N/A,N/A,
BRISK,AKAZE,N/A,N/A,N/A,N/A,N/A,N/A,N/A,
BRISK,AKAZE,N/A,N/A,N/A,N/A,N/A,N/A,N/A,
BRISK,AKAZE,N/A,N/A,N/A,N/A,N/A,N/A,N/A,
BRISK,SIFT,N/A,N/A,N/A,N/A,N/A,N/A,N/A,
BRISK,SIFT,N/A,N/A,N/A,N/A,N/A,N/A,N/A,
BRISK,SIFT,N/A,N/A,N/A,N/A,N/A,N/A,N/A,
BRISK,SIFT,N/A,N/A,N/A,N/A,N/A,N/A,N/A,
BRISK,SIFT,N/A,N/A,N/A,N/A,N/A,N/A,N/A,
BRISK,SIFT,N/A,N/A,N/A,N/A,N/A,N/A,N/A,
BRISK,SIFT,N/A,N/A,N/A,N/A,N/A,N/A,N/A,
BRISK,SIFT,N/A,N/A,N/A,N/A,N/A,N/A,N/A,
BRISK,SIFT,N/A,N/A,N/A,N/A,N/A,N/A,N/A,
BRISK,SIFT,N/A,N/A,N/A,N/A,N/A,N/A,N/A,
ORB,BRISK,0,500,92,0,7.64274,1.30546,8.9482,
ORB,BRISK,1,500,102,73,7.27802,1.31697,8.59499,
ORB,BRISK,2,500,106,74,7.01452,1.36196,8.37649,
ORB,BRISK,3,500,113,79,7.16199,1.61558,8.77757,
ORB,BRISK,4,500,109,85,7.2811,1.39338,8.67448,
ORB,BRISK,5,500,125,79,7.28955,1.70234,8.99188,
ORB,BRISK,6,500,130,92,7.05629,1.60176,8.65805,
ORB,BRISK,7,500,129,90,7.21582,1.60853,8.82435,
ORB,BRISK,8,500,127,88,7.34816,1.56129,8.90944,
ORB,BRISK,9,500,128,91,7.45144,1.68716,9.1386,
ORB,BRIEF,N/A,N/A,N/A,N/A,N/A,N/A,N/A,
ORB,BRIEF,N/A,N/A,N/A,N/A,N/A,N/A,N/A,
ORB,BRIEF,N/A,N/A,N/A,N/A,N/A,N/A,N/A,
ORB,BRIEF,N/A,N/A,N/A,N/A,N/A,N/A,N/A,
ORB,BRIEF,N/A,N/A,N/A,N/A,N/A,N/A,N/A,
ORB,BRIEF,N/A,N/A,N/A,N/A,N/A,N/A,N/A,
ORB,BRIEF,N/A,N/A,N/A,N/A,N/A,N/A,N/A,
ORB,BRIEF,N/A,N/A,N/A,N/A,N/A,N/A,N/A,
ORB,BRIEF,N/A,N/A,N/A,N/A,N/A,N/A,N/A,
ORB,BRIEF,N/A,N/A,N/A,N/A,N/A,N/A,N/A,
ORB,ORB,N/A,N/A,N/A,N/A,N/A,N/A,N/A,
ORB,ORB,N/A,N/A,N/A,N/A,N/A,N/A,N/A,
ORB,ORB,N/A,N/A,N/A,N/A,N/A,N/A,N/A,
ORB,ORB,N/A,N/A,N/A,N/A,N/A,N/A,N/A,
ORB,ORB,N/A,N/A,N/A,N/A,N/A,N/A,N/A,
ORB,ORB,N/A,N/A,N/A,N/A,N/A,N/A,N/A,
ORB,ORB,N/A,N/A,N/A,N/A,N/A,N/A,N/A,
ORB,ORB,N/A,N/A,N/A,N/A,N/A,N/A,N/A,
ORB,ORB,N/A,N/A,N/A,N/A,N/A,N/A,N/A,
ORB,ORB,N/A,N/A,N/A,N/A,N/A,N/A,N/A,
ORB,FREAK,0,500,92,0,7.53678,39.8434,47.3802,
ORB,FREAK,1,500,102,42,7.14651,39.2381,46.3847,
ORB,FREAK,2,500,106,36,7.16026,38.6729,45.8331,
ORB,FREAK,3,500,113,44,6.98812,40.3291,47.3172,
ORB,FREAK,4,500,109,47,7.0456,38.2023,45.2479,
ORB,FREAK,5,500,125,44,7.01191,38.809,45.8209,
ORB,FREAK,6,500,130,51,7.18203,38.3957,45.5777,
ORB,FREAK,7,500,129,52,7.24313,39.474,46.7171,
ORB,FREAK,8,500,127,48,7.38938,40.7161,48.1055,
ORB,FREAK,9,500,128,56,7.33789,39.1062,46.4441,
ORB,AKAZE,N/A,N/A,N/A,N/A,N/A,N/A,N/A,
ORB,AKAZE,N/A,N/A,N/A,N/A,N/A,N/A,N/A,
ORB,AKAZE,N/A,N/A,N/A,N/A,N/A,N/A,N/A,
ORB,AKAZE,N/A,N/A,N/A,N/A,N/A,N/A,N/A,
ORB,AKAZE,N/A,N/A,N/A,N/A,N/A,N/A,N/A,
ORB,AKAZE,N/A,N/A,N/A,N/A,N/A,N/A,N/A,
ORB,AKAZE,N/A,N/A,N/A,N/A,N/A,N/A,N/A,
ORB,AKAZE,N/A,N/A,N/A,N/A,N/A,N/A,N/A,
ORB,AKAZE,N/A,N/A,N/A,N/A,N/A,N/A,N/A,
ORB,AKAZE,N/A,N/A,N/A,N/A,N/A,N/A,N/A,
ORB,SIFT,N/A,N/A,N/A,N/A,N/A,N/A,N/A,
ORB,SIFT,N/A,N/A,N/A,N/A,N/A,N/A,N/A,
ORB,SIFT,N/A,N/A,N/A,N/A,N/A,N/A,N/A,
ORB,SIFT,N/A,N/A,N/A,N/A,N/A,N/A,N/A,
ORB,SIFT,N/A,N/A,N/A,N/A,N/A,N/A,N/A,
ORB,SIFT,N/A,N/A,N/A,N/A,N/A,N/A,N/A,
ORB,SIFT,N/A,N/A,N/A,N/A,N/A,N/A,N/A,
ORB,SIFT,N/A,N/A,N/A,N/A,N/A,N/A,N/A,
ORB,SIFT,N/A,N/A,N/A,N/A,N/A,N/A,N/A,
ORB,SIFT,N/A,N/A,N/A,N/A,N/A,N/A,N/A,
AKAZE,BRISK,0,1351,166,0,75.1182,1.95406,77.0722,
AKAZE,BRISK,1,1327,157,137,75.353,1.88804,77.241,
AKAZE,BRISK,2,1311,161,125,67.8883,1.9236,69.8119,
AKAZE,BRISK,3,1351,155,129,64.8829,1.94476,66.8276,
AKAZE,BRISK,4,1360,163,129,68.5971,1.96693,70.564,
AKAZE,BRISK,5,1347,164,131,68.6912,1.92372,70.6149,
AKAZE,BRISK,6,1363,173,132,63.8407,2.00476,65.8454,
AKAZE,BRISK,7,1331,175,142,66.5469,2.11877,68.6657,
AKAZE,BRISK,8,1357,177,146,70.1216,2.07458,72.1962,
AKAZE,BRISK,9,1331,179,144,69.0832,2.11092,71.1941,
AKAZE,BRIEF,N/A,N/A,N/A,N/A,N/A,N/A,N/A,
AKAZE,BRIEF,N/A,N/A,N/A,N/A,N/A,N/A,N/A,
AKAZE,BRIEF,N/A,N/A,N/A,N/A,N/A,N/A,N/A,
AKAZE,BRIEF,N/A,N/A,N/A,N/A,N/A,N/A,N/A,
AKAZE,BRIEF,N/A,N/A,N/A,N/A,N/A,N/A,N/A,
AKAZE,BRIEF,N/A,N/A,N/A,N/A,N/A,N/A,N/A,
AKAZE,BRIEF,N/A,N/A,N/A,N/A,N/A,N/A,N/A,
AKAZE,BRIEF,N/A,N/A,N/A,N/A,N/A,N/A,N/A,
AKAZE,BRIEF,N/A,N/A,N/A,N/A,N/A,N/A,N/A,
AKAZE,BRIEF,N/A,N/A,N/A,N/A,N/A,N/A,N/A,
AKAZE,ORB,N/A,N/A,N/A,N/A,N/A,N/A,N/A,
AKAZE,ORB,N/A,N/A,N/A,N/A,N/A,N/A,N/A,
AKAZE,ORB,N/A,N/A,N/A,N/A,N/A,N/A,N/A,
AKAZE,ORB,N/A,N/A,N/A,N/A,N/A,N/A,N/A,
AKAZE,ORB,N/A,N/A,N/A,N/A,N/A,N/A,N/A,
AKAZE,ORB,N/A,N/A,N/A,N/A,N/A,N/A,N/A,
AKAZE,ORB,N/A,N/A,N/A,N/A,N/A,N/A,N/A,
AKAZE,ORB,N/A,N/A,N/A,N/A,N/A,N/A,N/A,
AKAZE,ORB,N/A,N/A,N/A,N/A,N/A,N/A,N/A,
AKAZE,ORB,N/A,N/A,N/A,N/A,N/A,N/A,N/A,
AKAZE,FREAK,0,1351,166,0,69.9323,40.2947,110.227,
AKAZE,FREAK,1,1327,157,126,69.5386,40.4046,109.943,
AKAZE,FREAK,2,1311,161,129,61.8904,40.9892,102.88,
AKAZE,FREAK,3,1351,155,127,63.8464,40.3678,104.214,
AKAZE,FREAK,4,1360,163,121,63.6543,39.9859,103.64,
AKAZE,FREAK,5,1347,164,122,64.1573,40.3674,104.525,
AKAZE,FREAK,6,1363,173,133,63.6823,40.2231,103.905,
AKAZE,FREAK,7,1331,175,144,68.0675,41.3826,109.45,
AKAZE,FREAK,8,1357,177,147,69.313,40.3419,109.655,
AKAZE,FREAK,9,1331,179,138,68.487,40.7461,109.233,
AKAZE,AKAZE,N/A,N/A,N/A,N/A,N/A,N/A,N/A,
AKAZE,AKAZE,N/A,N/A,N/A,N/A,N/A,N/A,N/A,
AKAZE,AKAZE,N/A,N/A,N/A,N/A,N/A,N/A,N/A,
AKAZE,AKAZE,N/A,N/A,N/A,N/A,N/A,N/A,N/A,
AKAZE,AKAZE,N/A,N/A,N/A,N/A,N/A,N/A,N/A,
AKAZE,AKAZE,N/A,N/A,N/A,N/A,N/A,N/A,N/A,
AKAZE,AKAZE,N/A,N/A,N/A,N/A,N/A,N/A,N/A,
AKAZE,AKAZE,N/A,N/A,N/A,N/A,N/A,N/A,N/A,
AKAZE,AKAZE,N/A,N/A,N/A,N/A,N/A,N/A,N/A,
AKAZE,AKAZE,N/A,N/A,N/A,N/A,N/A,N/A,N/A,
AKAZE,SIFT,N/A,N/A,N/A,N/A,N/A,N/A,N/A,
AKAZE,SIFT,N/A,N/A,N/A,N/A,N/A,N/A,N/A,
AKAZE,SIFT,N/A,N/A,N/A,N/A,N/A,N/A,N/A,
AKAZE,SIFT,N/A,N/A,N/A,N/A,N/A,N/A,N/A,
AKAZE,SIFT,N/A,N/A,N/A,N/A,N/A,N/A,N/A,
AKAZE,SIFT,N/A,N/A,N/A,N/A,N/A,N/A,N/A,
AKAZE,SIFT,N/A,N/A,N/A,N/A,N/A,N/A,N/A,
AKAZE,SIFT,N/A,N/A,N/A,N/A,N/A,N/A,N/A,
AKAZE,SIFT,N/A,N/A,N/A,N/A,N/A,N/A,N/A,
AKAZE,SIFT,N/A,N/A,N/A,N/A,N/A,N/A,N/A,
SIFT,BRISK,0,1438,138,0,122.047,1.61803,123.665,
SIFT,BRISK,1,1371,132,64,122.432,1.69187,124.124,
SIFT,BRISK,2,1380,124,66,123.87,1.64143,125.511,
SIFT,BRISK,3,1335,137,62,126.018,1.60485,127.623,
SIFT,BRISK,4,1305,134,66,124.713,1.70591,126.419,
SIFT,BRISK,5,1370,140,59,125.33,1.68346,127.013,
SIFT,BRISK,6,1396,137,64,126.034,1.7303,127.765,
SIFT,BRISK,7,1382,148,64,129.071,1.79527,130.866,
SIFT,BRISK,8,1463,159,67,125.227,1.86994,127.097,
SIFT,BRISK,9,1422,137,80,121.973,1.71697,123.69,
SIFT,BRIEF,N/A,N/A,N/A,N/A,N/A,N/A,N/A,
SIFT,BRIEF,N/A,N/A,N/A,N/A,N/A,N/A,N/A,
SIFT,BRIEF,N/A,N/A,N/A,N/A,N/A,N/A,N/A,
SIFT,BRIEF,N/A,N/A,N/A,N/A,N/A,N/A,N/A,
SIFT,BRIEF,N/A,N/A,N/A,N/A,N/A,N/A,N/A,
SIFT,BRIEF,N/A,N/A,N/A,N/A,N/A,N/A,N/A,
SIFT,BRIEF,N/A,N/A,N/A,N/A,N/A,N/A,N/A,
SIFT,BRIEF,N/A,N/A,N/A,N/A,N/A,N/A,N/A,
SIFT,BRIEF,N/A,N/A,N/A,N/A,N/A,N/A,N/A,
SIFT,BRIEF,N/A,N/A,N/A,N/A,N/A,N/A,N/A,
SIFT,ORB,N/A,N/A,N/A,N/A,N/A,N/A,N/A,
SIFT,ORB,N/A,N/A,N/A,N/A,N/A,N/A,N/A,
SIFT,ORB,N/A,N/A,N/A,N/A,N/A,N/A,N/A,
SIFT,ORB,N/A,N/A,N/A,N/A,N/A,N/A,N/A,
SIFT,ORB,N/A,N/A,N/A,N/A,N/A,N/A,N/A,
SIFT,ORB,N/A,N/A,N/A,N/A,N/A,N/A,N/A,
SIFT,ORB,N/A,N/A,N/A,N/A,N/A,N/A,N/A,
SIFT,ORB,N/A,N/A,N/A,N/A,N/A,N/A,N/A,
SIFT,ORB,N/A,N/A,N/A,N/A,N/A,N/A,N/A,
SIFT,ORB,N/A,N/A,N/A,N/A,N/A,N/A,N/A,
SIFT,FREAK,0,1438,138,0,123.214,40.0574,163.272,
SIFT,FREAK,1,1371,132,65,126.321,41.2407,167.562,
SIFT,FREAK,2,1380,124,72,120.438,39.7831,160.221,
SIFT,FREAK,3,1335,137,64,122.587,40.6329,163.22,
SIFT,FREAK,4,1305,134,66,125.294,40.3446,165.639,
SIFT,FREAK,5,1370,140,59,130.224,41.6107,171.834,
SIFT,FREAK,6,1396,137,59,123.557,39.9623,163.519,
SIFT,FREAK,7,1382,148,64,128.024,40.3195,168.343,
SIFT,FREAK,8,1463,159,65,127.363,40.311,167.674,
SIFT,FREAK,9,1422,137,79,131.574,41.5215,173.095,
SIFT,AKAZE,N/A,N/A,N/A,N/A,N/A,N/A,N/A,
SIFT,AKAZE,N/A,N/A,N/A,N/A,N/A,N/A,N/A,
SIFT,AKAZE,N/A,N/A,N/A,N/A,N/A,N/A,N/A,
SIFT,AKAZE,N/A,N/A,N/A,N/A,N/A,N/A,N/A,
SIFT,AKAZE,N/A,N/A,N/A,N/A,N/A,N/A,N/A,
SIFT,AKAZE,N/A,N/A,N/A,N/A,N/A,N/A,N/A,
SIFT,AKAZE,N/A,N/A,N/A,N/A,N/A,N/A,N/A,
SIFT,AKAZE,N/A,N/A,N/A,N/A,N/A,N/A,N/A,
SIFT,AKAZE,N/A,N/A,N/A,N/A,N/A,N/A,N/A,
SIFT,AKAZE,N/A,N/A,N/A,N/A,N/A,N/A,N/A,
SIFT,SIFT,0,1438,138,0,122.59,77.1657,199.756,
SIFT,SIFT,1,1371,132,82,97.1653,75.1986,172.364,
SIFT,SIFT,2,1380,124,81,95.9767,76.2619,172.239,
SIFT,SIFT,3,1335,137,85,127.982,105.47,233.452,
SIFT,SIFT,4,1305,134,94,120.622,74.061,194.683,
SIFT,SIFT,5,1370,140,90,94.0446,77.0955,171.14,
SIFT,SIFT,6,1396,137,82,98.0757,73.5662,171.642,
SIFT,SIFT,7,1382,148,82,124.765,76.7155,201.48,
SIFT,SIFT,8,1463,159,103,94.0174,75.7123,169.73,
SIFT,SIFT,9,1422,137,104,93.7038,74.8192,168.523,
